year;class;Theme;Question;percent;size
2015;Fruits and Vegetables;Fruits and Vegetables - Behavior;Percent of adults who report consuming fruit less than one time daily;51.5;2941
2015;Fruits and Vegetables;Fruits and Vegetables - Behavior;Percent of adults who report consuming fruit less than one time daily;51.5;708
2015;Fruits and Vegetables;Fruits and Vegetables - Behavior;Percent of adults who report consuming fruit less than one time daily;51.5;1101
2015;Fruits and Vegetables;Fruits and Vegetables - Behavior;Percent of adults who report consuming fruit less than one time daily;51.6;634
2015;Fruits and Vegetables;Fruits and Vegetables - Behavior;Percent of adults who report consuming fruit less than one time daily;51.6;61
2015;Fruits and Vegetables;Fruits and Vegetables - Behavior;Percent of adults who report consuming fruit less than one time daily;51.7;2747
2015;Fruits and Vegetables;Fruits and Vegetables - Behavior;Percent of adults who report consuming fruit less than one time daily;51.8;1071
2015;Fruits and Vegetables;Fruits and Vegetables - Behavior;Percent of adults who report consuming fruit less than one time daily;51.8;74
2015;Fruits and Vegetables;Fruits and Vegetables - Behavior;Percent of adults who report consuming fruit less than one time daily;51.8;675
2015;Fruits and Vegetables;Fruits and Vegetables - Behavior;Percent of adults who report consuming fruit less than one time daily;51.8;914
2015;Fruits and Vegetables;Fruits and Vegetables - Behavior;Percent of adults who report consuming fruit less than one time daily;51.8;576
2015;Fruits and Vegetables;Fruits and Vegetables - Behavior;Percent of adults who report consuming fruit less than one time daily;51.8;1387
2015;Fruits and Vegetables;Fruits and Vegetables - Behavior;Percent of adults who report consuming fruit less than one time daily;52.0;1362
2015;Fruits and Vegetables;Fruits and Vegetables - Behavior;Percent of adults who report consuming fruit less than one time daily;52.1;100
2015;Fruits and Vegetables;Fruits and Vegetables - Behavior;Percent of adults who report consuming fruit less than one time daily;52.2;850
2015;Fruits and Vegetables;Fruits and Vegetables - Behavior;Percent of adults who report consuming fruit less than one time daily;52.2;60
2011;Obesity / Weight Status;Obesity / Weight Status;Percent of adults aged 18 years and older who have obesity;0.9;91
2011;Obesity / Weight Status;Physical Activity - Behavior;Percent of adults who engage in no leisure-time physical activity;10.0;1819
2011;Obesity / Weight Status;Obesity / Weight Status;Percent of adults aged 18 years and older who have an overweight classification;10.1;56
2011;Obesity / Weight Status;Physical Activity - Behavior;Percent of adults who engage in no leisure-time physical activity;10.1;3886
2011;Obesity / Weight Status;Obesity / Weight Status;Percent of adults aged 18 years and older who have obesity;10.2;477
2011;Obesity / Weight Status;Obesity / Weight Status;Percent of adults aged 18 years and older who have obesity;10.3;799
2011;Obesity / Weight Status;Physical Activity - Behavior;Percent of adults who engage in no leisure-time physical activity;10.3;4211
2011;Obesity / Weight Status;Fruits and Vegetables - Behavior;Percent of adults who report consuming vegetables less than one time daily;10.3;188
2011;Obesity / Weight Status;Physical Activity - Behavior;Percent of adults who engage in no leisure-time physical activity;10.4;83
2011;Obesity / Weight Status;Fruits and Vegetables - Behavior;Percent of adults who report consuming vegetables less than one time daily;10.4;2627
2011;Obesity / Weight Status;Physical Activity - Behavior;Percent of adults who engage in no leisure-time physical activity;10.5;2791
2011;Obesity / Weight Status;Physical Activity - Behavior;Percent of adults who engage in no leisure-time physical activity;10.6;5362
2011;Obesity / Weight Status;Physical Activity - Behavior;Percent of adults who engage in no leisure-time physical activity;10.6;3774
2011;Obesity / Weight Status;Obesity / Weight Status;Percent of adults aged 18 years and older who have obesity;10.7;55
2011;Obesity / Weight Status;Obesity / Weight Status;Percent of adults aged 18 years and older who have obesity;10.7;1939
2011;Obesity / Weight Status;Fruits and Vegetables - Behavior;Percent of adults who report consuming vegetables less than one time daily;10.7;2996
2011;Obesity / Weight Status;Physical Activity - Behavior;Percent of adults who engage in no leisure-time physical activity;10.8;317
2011;Obesity / Weight Status;Physical Activity - Behavior;Percent of adults who engage in no leisure-time physical activity;10.8;3777
2011;Obesity / Weight Status;Physical Activity - Behavior;Percent of adults who engage in no leisure-time physical activity;10.8;2671
2011;Obesity / Weight Status;Obesity / Weight Status;Percent of adults aged 18 years and older who have obesity;10.9;611
2011;Obesity / Weight Status;Physical Activity - Behavior;Percent of adults who engage in no leisure-time physical activity;10.9;1097
2011;Obesity / Weight Status;Fruits and Vegetables - Behavior;Percent of adults who report consuming vegetables less than one time daily;10.9;2776
2011;Obesity / Weight Status;Physical Activity - Behavior;Percent of adults who engage in no leisure-time physical activity;11.1;394
2011;Obesity / Weight Status;Fruits and Vegetables - Behavior;Percent of adults who report consuming fruit less than one time daily;11.1;66
2011;Obesity / Weight Status;Physical Activity - Behavior;Percent of adults who engage in no leisure-time physical activity;11.2;3000
2011;Obesity / Weight Status;Obesity / Weight Status;Percent of adults aged 18 years and older who have obesity;11.3;684
2011;Obesity / Weight Status;Fruits and Vegetables - Behavior;Percent of adults who report consuming vegetables less than one time daily;11.3;1908
2011;Obesity / Weight Status;Obesity / Weight Status;Percent of adults aged 18 years and older who have obesity;11.4;322
2011;Obesity / Weight Status;Physical Activity - Behavior;Percent of adults who engage in no leisure-time physical activity;11.4;3094
2011;Obesity / Weight Status;Physical Activity - Behavior;Percent of adults who engage in no leisure-time physical activity;11.4;488
2011;Obesity / Weight Status;Physical Activity - Behavior;Percent of adults who achieve at least 150 minutes a week of moderate-intensity aerobic physical activity or 75 minutes a week of vigorous-intensity aerobic physical activity and engage in muscle-strengthening activities on 2 or more days a week;11.5;66
2011;Obesity / Weight Status;Physical Activity - Behavior;Percent of adults who achieve at least 150 minutes a week of moderate-intensity aerobic physical activity or 75 minutes a week of vigorous-intensity aerobic physical activity and engage in muscle-strengthening activities on 2 or more days a week;11.6;1241
2011;Physical Activity;Physical Activity - Behavior;Percent of adults who achieve at least 150 minutes a week of moderate-intensity aerobic physical activity or 75 minutes a week of vigorous-intensity aerobic physical activity and engage in muscle-strengthening activities on 2 or more days a week;10.0;75
2011;Physical Activity;Physical Activity - Behavior;Percent of adults who engage in no leisure-time physical activity;10.0;392
2011;Physical Activity;Fruits and Vegetables - Behavior;Percent of adults who report consuming vegetables less than one time daily;10.0;1899
2011;Physical Activity;Physical Activity - Behavior;Percent of adults who engage in no leisure-time physical activity;10.1;1048
2011;Physical Activity;Physical Activity - Behavior;Percent of adults who achieve at least 150 minutes a week of moderate-intensity aerobic physical activity or 75 minutes a week of vigorous-intensity aerobic physical activity and engage in muscle-strengthening activities on 2 or more days a week;10.2;251
2011;Physical Activity;Physical Activity - Behavior;Percent of adults who engage in no leisure-time physical activity;10.2;1036
2011;Physical Activity;Obesity / Weight Status;Percent of adults aged 18 years and older who have obesity;10.3;112
2011;Physical Activity;Obesity / Weight Status;Percent of adults aged 18 years and older who have obesity;10.3;1636
2011;Physical Activity;Physical Activity - Behavior;Percent of adults who engage in no leisure-time physical activity;10.3;2843
2011;Physical Activity;Obesity / Weight Status;Percent of adults aged 18 years and older who have obesity;10.4;108
2011;Physical Activity;Obesity / Weight Status;Percent of adults aged 18 years and older who have obesity;10.5;713
2011;Physical Activity;Physical Activity - Behavior;Percent of adults who achieve at least 150 minutes a week of moderate-intensity aerobic physical activity or 75 minutes a week of vigorous-intensity aerobic physical activity and engage in muscle-strengthening activities on 2 or more days a week;10.5;362
2011;Physical Activity;Physical Activity - Behavior;Percent of adults who achieve at least 150 minutes a week of moderate-intensity aerobic physical activity or 75 minutes a week of vigorous-intensity aerobic physical activity and engage in muscle-strengthening activities on 2 or more days a week;10.5;1252
2011;Physical Activity;Physical Activity - Behavior;Percent of adults who achieve at least 150 minutes a week of moderate-intensity aerobic physical activity or 75 minutes a week of vigorous-intensity aerobic physical activity and engage in muscle-strengthening activities on 2 or more days a week;10.5;90
2011;Physical Activity;Physical Activity - Behavior;Percent of adults who engage in no leisure-time physical activity;10.5;1292
2011;Physical Activity;Physical Activity - Behavior;Percent of adults who engage in no leisure-time physical activity;10.5;2243
2011;Physical Activity;Physical Activity - Behavior;Percent of adults who engage in no leisure-time physical activity;10.5;218
2011;Physical Activity;Physical Activity - Behavior;Percent of adults who engage in no leisure-time physical activity;10.5;374
2011;Physical Activity;Physical Activity - Behavior;Percent of adults who achieve at least 150 minutes a week of moderate-intensity aerobic physical activity or 75 minutes a week of vigorous-intensity aerobic physical activity and engage in muscle-strengthening activities on 2 or more days a week;10.6;94
2011;Physical Activity;Physical Activity - Behavior;Percent of adults who achieve at least 150 minutes a week of moderate-intensity aerobic physical activity or 75 minutes a week of vigorous-intensity aerobic physical activity and engage in muscle-strengthening activities on 2 or more days a week;10.6;2323
2011;Physical Activity;Physical Activity - Behavior;Percent of adults who achieve at least 150 minutes a week of moderate-intensity aerobic physical activity or 75 minutes a week of vigorous-intensity aerobic physical activity and engage in muscle-strengthening activities on 2 or more days a week;10.6;1417
2011;Physical Activity;Fruits and Vegetables - Behavior;Percent of adults who report consuming vegetables less than one time daily;10.6;947
2011;Physical Activity;Obesity / Weight Status;Percent of adults aged 18 years and older who have obesity;10.7;464
2011;Physical Activity;Physical Activity - Behavior;Percent of adults who achieve at least 150 minutes a week of moderate-intensity aerobic physical activity or 75 minutes a week of vigorous-intensity aerobic physical activity and engage in muscle-strengthening activities on 2 or more days a week;10.7;448
2011;Physical Activity;Physical Activity - Behavior;Percent of adults who engage in no leisure-time physical activity;10.7;104
2011;Physical Activity;Physical Activity - Behavior;Percent of adults who engage in no leisure-time physical activity;10.7;123
2011;Physical Activity;Fruits and Vegetables - Behavior;Percent of adults who report consuming vegetables less than one time daily;10.7;4626
2011;Physical Activity;Physical Activity - Behavior;Percent of adults who achieve at least 150 minutes a week of moderate-intensity aerobic physical activity or 75 minutes a week of vigorous-intensity aerobic physical activity and engage in muscle-strengthening activities on 2 or more days a week;10.8;782
2011;Physical Activity;Physical Activity - Behavior;Percent of adults who achieve at least 150 minutes a week of moderate-intensity aerobic physical activity or 75 minutes a week of vigorous-intensity aerobic physical activity and engage in muscle-strengthening activities on 2 or more days a week;10.8;2391
2011;Physical Activity;Physical Activity - Behavior;Percent of adults who achieve at least 150 minutes a week of moderate-intensity aerobic physical activity or 75 minutes a week of vigorous-intensity aerobic physical activity and engage in muscle-strengthening activities on 2 or more days a week;10.8;3331
